Date,Price,Open,High,Low,Vol.,Change %
01/01/2020,1.4249,1.4241,1.4267,1.4223,4.14K,0.06%
02/01/2020,1.4298,1.425,1.4333,1.4244,48.97K,0.34%
03/01/2020,1.4393,1.4298,1.4432,1.4287,55.14K,0.66%
06/01/2020,1.4407,1.4389,1.4442,1.437,52.40K,0.10%
07/01/2020,1.4556,1.4409,1.4582,1.4402,52.33K,1.03%
08/01/2020,1.456,1.4562,1.4603,1.4521,65.91K,0.03%
09/01/2020,1.4579,1.4564,1.46,1.4532,50.83K,0.13%
10/01/2020,1.4482,1.4582,1.4599,1.4467,58.92K,-0.67%
13/01/2020,1.4484,1.4499,1.453,1.445,52.28K,0.01%
14/01/2020,1.4489,1.4487,1.4526,1.4471,55.26K,0.03%
15/01/2020,1.4484,1.4491,1.4542,1.4456,52.65K,-0.03%
16/01/2020,1.4493,1.4485,1.4521,1.4419,51.83K,0.06%
17/01/2020,1.4548,1.4497,1.4556,1.4467,46.38K,0.38%
20/01/2020,1.4548,1.4532,1.459,1.4514,46.24K,0.00%
21/01/2020,1.4607,1.4548,1.4618,1.4532,53.09K,0.41%
22/01/2020,1.4607,1.4609,1.465,1.4583,50.14K,0.00%
23/01/2020,1.4603,1.461,1.4645,1.4536,45.52K,-0.03%
24/01/2020,1.4641,1.4605,1.4671,1.4581,48.93K,0.26%
27/01/2020,1.4789,1.467,1.4813,1.4643,63.42K,1.01%
28/01/2020,1.4786,1.4792,1.4844,1.4778,61.45K,-0.02%
29/01/2020,1.4804,1.4789,1.4849,1.4753,61.53K,0.12%
30/01/2020,1.4872,1.4806,1.4928,1.48,56.33K,0.46%
31/01/2020,1.4941,1.4877,1.4965,1.4857,51.29K,0.46%
03/02/2020,1.4941,1.4947,1.4968,1.4907,58.45K,0.00%
04/02/2020,1.4837,1.4943,1.4974,1.4832,62.02K,-0.70%
05/02/2020,1.4821,1.4841,1.4875,1.4759,65.89K,-0.11%
06/02/2020,1.4857,1.4821,1.4868,1.4781,51.66K,0.24%
07/02/2020,1.4986,1.4859,1.5013,1.4842,52.03K,0.87%
10/02/2020,1.4954,1.497,1.5021,1.4907,54.35K,-0.21%
11/02/2020,1.4892,1.4956,1.4969,1.4842,51.14K,-0.41%
12/02/2020,1.4839,1.4894,1.49,1.4812,54.03K,-0.36%
13/02/2020,1.4881,1.4841,1.4912,1.4823,50.84K,0.28%
14/02/2020,1.4888,1.4885,1.4907,1.4852,45.97K,0.05%
17/02/2020,1.4892,1.4899,1.4902,1.4849,39.48K,0.03%
18/02/2020,1.495,1.4894,1.4987,1.4888,48.87K,0.39%
19/02/2020,1.4977,1.4955,1.5007,1.4907,44.78K,0.18%
20/02/2020,1.5113,1.4984,1.513,1.4932,64.48K,0.91%
21/02/2020,1.5085,1.5115,1.5186,1.5059,64.90K,-0.19%
24/02/2020,1.5138,1.5086,1.5193,1.5086,66.22K,0.35%
25/02/2020,1.5135,1.5141,1.5186,1.5098,57.69K,-0.02%
26/02/2020,1.5279,1.5144,1.5289,1.5132,64.11K,0.95%
27/02/2020,1.5221,1.5281,1.5286,1.5166,70.19K,-0.38%
28/02/2020,1.5359,1.5223,1.5544,1.5182,90.86K,0.91%
02/03/2020,1.5288,1.5414,1.5487,1.5222,90.76K,-0.46%
03/03/2020,1.5188,1.529,1.5365,1.5045,81.86K,-0.65%
04/03/2020,1.5088,1.5191,1.5207,1.5086,73.87K,-0.66%
05/03/2020,1.5115,1.509,1.5189,1.5065,73.06K,0.18%
06/03/2020,1.5031,1.512,1.5188,1.5019,82.10K,-0.56%
09/03/2020,1.5179,1.5102,1.5821,1.4956,108.44K,0.98%
10/03/2020,1.5368,1.5176,1.5474,1.512,107.86K,1.25%
11/03/2020,1.5418,1.5366,1.5434,1.5289,101.74K,0.33%
12/03/2020,1.6031,1.5421,1.6097,1.54,109.49K,3.98%
13/03/2020,1.6166,1.6036,1.6336,1.5804,115.43K,0.84%
16/03/2020,1.6343,1.6299,1.6449,1.5844,118.20K,1.09%
17/03/2020,1.6661,1.635,1.6784,1.626,106.24K,1.95%
18/03/2020,1.7322,1.6669,1.7543,1.6587,117.91K,3.97%
19/03/2020,1.7413,1.7325,1.8159,1.6766,132.18K,0.53%
20/03/2020,1.7241,1.7414,1.7656,1.6702,118.33K,-0.99%
23/03/2020,1.7156,1.7244,1.7543,1.7107,115.90K,-0.49%
24/03/2020,1.6781,1.7148,1.7209,1.6733,116.57K,-2.19%
25/03/2020,1.6779,1.6788,1.6862,1.6464,116.86K,-0.01%
26/03/2020,1.6485,1.678,1.7038,1.6424,127.45K,-1.75%
27/03/2020,1.6215,1.6486,1.6604,1.6127,133.28K,-1.64%
30/03/2020,1.6202,1.6265,1.6362,1.6167,140.92K,-0.08%
31/03/2020,1.6295,1.6197,1.645,1.6092,148.88K,0.57%
01/04/2020,1.6469,1.6306,1.656,1.6197,133.28K,1.07%
02/04/2020,1.6499,1.6474,1.665,1.6339,131.17K,0.18%
03/04/2020,1.6675,1.6501,1.6724,1.6456,138.52K,1.07%
06/04/2020,1.6426,1.6638,1.6693,1.6374,122.05K,-1.49%
07/04/2020,1.6205,1.6425,1.6462,1.6106,124.87K,-1.35%
08/04/2020,1.6046,1.6212,1.6353,1.601,127.65K,-0.98%
09/04/2020,1.5768,1.6056,1.6143,1.5716,117.30K,-1.73%
10/04/2020,1.5748,1.577,1.5841,1.57,55.43K,-0.13%
13/04/2020,1.5662,1.5758,1.5809,1.5601,96.31K,-0.55%
14/04/2020,1.5518,1.5669,1.5689,1.5515,103.73K,-0.92%
15/04/2020,1.5823,1.5523,1.5916,1.5517,106.41K,1.97%
16/04/2020,1.5798,1.5826,1.5964,1.5788,123.25K,-0.16%
17/04/2020,1.5711,1.5806,1.5839,1.5661,113.81K,-0.55%
20/04/2020,1.5778,1.5731,1.5791,1.5628,93.94K,0.43%
21/04/2020,1.5918,1.5783,1.5993,1.5753,102.31K,0.89%
22/04/2020,1.581,1.5924,1.5934,1.5742,91.38K,-0.68%
23/04/2020,1.5696,1.5814,1.5917,1.5606,101.25K,-0.72%
24/04/2020,1.5652,1.5697,1.5783,1.5627,91.10K,-0.28%
27/04/2020,1.5466,1.5657,1.5679,1.545,72.03K,-1.19%
28/04/2020,1.5404,1.5468,1.5545,1.5348,81.13K,-0.40%
29/04/2020,1.5251,1.5406,1.5419,1.5247,80.70K,-0.99%
30/04/2020,1.5356,1.525,1.5409,1.522,91.33K,0.69%
01/05/2020,1.5574,1.5359,1.5603,1.5354,85.96K,1.42%
04/05/2020,1.5557,1.5575,1.5695,1.5539,93.38K,-0.11%
05/05/2020,1.5542,1.5554,1.5586,1.5438,80.35K,-0.10%
06/05/2020,1.562,1.5549,1.5644,1.5494,83.86K,0.50%
07/05/2020,1.5392,1.5625,1.5681,1.5369,91.25K,-1.46%
08/05/2020,1.5312,1.5396,1.5403,1.527,85.14K,-0.52%
11/05/2020,1.5406,1.5316,1.5489,1.5238,88.80K,0.61%
12/05/2020,1.5454,1.5409,1.555,1.5297,94.96K,0.31%
13/05/2020,1.5489,1.5448,1.5535,1.5324,108.63K,0.23%
14/05/2020,1.5473,1.5499,1.5618,1.5459,100.36K,-0.10%
15/05/2020,1.5586,1.5475,1.5623,1.5443,90.40K,0.73%
18/05/2020,1.5328,1.5565,1.5603,1.5317,81.38K,-1.66%
19/05/2020,1.5295,1.5328,1.5362,1.5185,91.40K,-0.22%
20/05/2020,1.5154,1.5295,1.5326,1.5112,82.74K,-0.92%
21/05/2020,1.523,1.5158,1.5272,1.5151,83.88K,0.50%
22/05/2020,1.5298,1.5232,1.5372,1.5202,94.72K,0.45%
25/05/2020,1.5277,1.5339,1.5344,1.5264,68.51K,-0.14%
26/05/2020,1.5031,1.5281,1.5299,1.4978,82.87K,-1.61%
27/05/2020,1.5101,1.5031,1.5223,1.4969,101.11K,0.47%
28/05/2020,1.5065,1.5103,1.518,1.4996,106.16K,-0.24%
29/05/2020,1.4997,1.5067,1.5127,1.496,110.59K,-0.45%
01/06/2020,1.4708,1.5022,1.5048,1.4696,99.63K,-1.93%
02/06/2020,1.4499,1.4711,1.4763,1.4494,98.46K,-1.42%
03/06/2020,1.4447,1.4503,1.4587,1.4317,111.62K,-0.36%
04/06/2020,1.4401,1.4459,1.4532,1.4309,104.06K,-0.32%
05/06/2020,1.4347,1.4405,1.4431,1.4257,108.43K,-0.37%
08/06/2020,1.4243,1.4347,1.4366,1.4224,86.69K,-0.72%
09/06/2020,1.4366,1.4247,1.4498,1.4198,94.12K,0.86%
10/06/2020,1.4288,1.4368,1.4427,1.4159,101.55K,-0.54%
11/06/2020,1.4586,1.429,1.4622,1.4274,124.38K,2.09%
12/06/2020,1.4565,1.4584,1.4709,1.4467,124.37K,-0.14%
15/06/2020,1.4451,1.4619,1.4758,1.4437,110.18K,-0.78%
16/06/2020,1.4507,1.4453,1.4633,1.4332,117.42K,0.39%
17/06/2020,1.4522,1.4521,1.4596,1.4444,118.21K,0.10%
18/06/2020,1.4592,1.4531,1.4631,1.4487,115.73K,0.48%
19/06/2020,1.4628,1.4597,1.4643,1.4466,105.02K,0.25%
22/06/2020,1.4474,1.4617,1.4698,1.4444,90.86K,-1.05%
23/06/2020,1.4428,1.4474,1.4582,1.4336,98.83K,-0.32%
24/06/2020,1.4556,1.442,1.4572,1.4362,101.60K,0.89%
25/06/2020,1.452,1.455,1.4606,1.4506,107.08K,-0.25%
26/06/2020,1.4565,1.452,1.4621,1.4499,94.88K,0.31%
29/06/2020,1.4565,1.4569,1.4619,1.451,89.85K,0.00%
30/06/2020,1.4484,1.4567,1.4637,1.4467,89.33K,-0.56%
01/07/2020,1.4457,1.4487,1.4542,1.44,83.35K,-0.19%
02/07/2020,1.4443,1.4461,1.4492,1.4381,86.74K,-0.10%
03/07/2020,1.4395,1.4445,1.4466,1.4387,71.55K,-0.33%
06/07/2020,1.4339,1.4419,1.4444,1.4309,70.81K,-0.39%
07/07/2020,1.4393,1.4343,1.4448,1.4288,77.25K,0.38%
08/07/2020,1.4318,1.4395,1.4437,1.4313,79.09K,-0.52%
09/07/2020,1.4358,1.432,1.4389,1.4282,87.43K,0.28%
10/07/2020,1.4386,1.436,1.4445,1.4346,84.27K,0.20%
13/07/2020,1.4405,1.4383,1.4412,1.4297,81.67K,0.13%
14/07/2020,1.4335,1.4409,1.445,1.433,94.80K,-0.49%
15/07/2020,1.4267,1.4343,1.435,1.4207,101.23K,-0.47%
16/07/2020,1.4341,1.4274,1.4363,1.4258,104.05K,0.52%
17/07/2020,1.4286,1.4343,1.4354,1.4273,88.25K,-0.38%
20/07/2020,1.4255,1.4303,1.4343,1.4248,77.29K,-0.22%
21/07/2020,1.4029,1.4257,1.4266,1.3991,81.73K,-1.59%
22/07/2020,1.4,1.4029,1.4062,1.3921,93.67K,-0.21%
23/07/2020,1.4086,1.4008,1.4105,1.3962,102.76K,0.61%
24/07/2020,1.4073,1.4088,1.4158,1.4034,106.24K,-0.09%
27/07/2020,1.3984,1.4094,1.4114,1.3983,99.90K,-0.63%
28/07/2020,1.3968,1.3988,1.406,1.3932,99.41K,-0.11%
29/07/2020,1.3908,1.397,1.399,1.3895,91.96K,-0.43%
30/07/2020,1.3899,1.3918,1.4045,1.3891,100.91K,-0.06%
31/07/2020,1.3998,1.3901,1.402,1.3834,109.54K,0.71%
03/08/2020,1.4035,1.3994,1.4133,1.3977,83.80K,0.26%
04/08/2020,1.3963,1.4037,1.4076,1.395,85.04K,-0.51%
05/08/2020,1.3902,1.3966,1.3981,1.3807,77.35K,-0.44%
06/08/2020,1.3816,1.3904,1.394,1.3811,82.23K,-0.62%
07/08/2020,1.3968,1.3826,1.3998,1.3803,76.43K,1.10%
10/08/2020,1.3984,1.3965,1.4007,1.3918,65.06K,0.11%
11/08/2020,1.3998,1.3984,1.4016,1.3907,76.07K,0.10%
12/08/2020,1.3959,1.4,1.4068,1.3934,79.18K,-0.28%
13/08/2020,1.3982,1.3966,1.4015,1.391,71.40K,0.16%
14/08/2020,1.3941,1.3988,1.4022,1.3934,63.14K,-0.29%
17/08/2020,1.3858,1.3959,1.3967,1.3834,59.87K,-0.60%
18/08/2020,1.3805,1.3861,1.3873,1.3764,65.47K,-0.38%
19/08/2020,1.392,1.381,1.393,1.3743,72.09K,0.83%
20/08/2020,1.39,1.3926,1.4015,1.3882,76.63K,-0.14%
21/08/2020,1.3961,1.3902,1.4009,1.3857,76.22K,0.44%
24/08/2020,1.3961,1.3976,1.3992,1.3878,68.00K,0.00%
25/08/2020,1.3897,1.3961,1.3986,1.3892,70.05K,-0.46%
26/08/2020,1.3822,1.3899,1.3915,1.381,71.06K,-0.54%
27/08/2020,1.3772,1.3828,1.3856,1.3714,83.22K,-0.36%
28/08/2020,1.3572,1.3766,1.3785,1.357,85.85K,-1.45%
31/08/2020,1.3556,1.3592,1.3625,1.3507,74.12K,-0.12%
01/09/2020,1.3563,1.3556,1.359,1.3487,87.88K,0.05%
02/09/2020,1.3624,1.3565,1.3698,1.3544,80.49K,0.45%
03/09/2020,1.3748,1.3626,1.3765,1.3623,91.24K,0.91%
04/09/2020,1.3731,1.375,1.3848,1.37,89.86K,-0.12%
07/09/2020,1.3736,1.3733,1.3756,1.37,66.02K,0.04%
08/09/2020,1.386,1.3743,1.387,1.3679,81.09K,0.90%
09/09/2020,1.3729,1.3862,1.3905,1.372,81.88K,-0.95%
10/09/2020,1.3776,1.3733,1.3799,1.3651,82.48K,0.34%
11/09/2020,1.3727,1.3782,1.3792,1.3685,68.66K,-0.36%
14/09/2020,1.3719,1.374,1.3767,1.369,52.51K,-0.06%
15/09/2020,1.3693,1.372,1.3762,1.3618,66.59K,-0.19%
16/09/2020,1.3686,1.3695,1.3741,1.3612,75.60K,-0.05%
17/09/2020,1.3672,1.3684,1.3786,1.3668,90.77K,-0.10%
18/09/2020,1.3716,1.3674,1.3733,1.3634,84.40K,0.32%
21/09/2020,1.3841,1.3685,1.3892,1.3651,85.33K,0.91%
22/09/2020,1.3941,1.3839,1.3979,1.3819,85.34K,0.72%
23/09/2020,1.4126,1.3945,1.4149,1.393,91.07K,1.33%
24/09/2020,1.419,1.414,1.4254,1.4118,88.10K,0.45%
25/09/2020,1.4227,1.4192,1.4274,1.4109,83.41K,0.26%
28/09/2020,1.414,1.4229,1.4268,1.4133,73.63K,-0.61%
29/09/2020,1.4027,1.4143,1.4148,1.4007,69.18K,-0.80%
30/09/2020,1.3959,1.4025,1.4086,1.3934,91.21K,-0.48%
01/10/2020,1.3918,1.3963,1.3978,1.3869,91.39K,-0.29%
02/10/2020,1.3957,1.392,1.4025,1.3907,102.78K,0.28%
05/10/2020,1.3926,1.3986,1.3986,1.39,76.23K,-0.22%
06/10/2020,1.4071,1.3926,1.4086,1.3871,85.68K,1.04%
07/10/2020,1.4006,1.4081,1.4093,1.3981,79.00K,-0.46%
08/10/2020,1.3951,1.4004,1.4041,1.3944,66.21K,-0.39%
09/10/2020,1.381,1.3951,1.3966,1.3803,60.60K,-1.01%
12/10/2020,1.3868,1.3842,1.3884,1.3817,66.45K,0.42%
13/10/2020,1.3965,1.3872,1.3987,1.3861,79.60K,0.70%
14/10/2020,1.3959,1.3965,1.3983,1.3904,72.18K,-0.04%
15/10/2020,1.409,1.3963,1.4173,1.3942,86.65K,0.94%
16/10/2020,1.412,1.4096,1.4145,1.4088,70.73K,0.21%
19/10/2020,1.4146,1.4108,1.4169,1.4053,70.30K,0.18%
20/10/2020,1.4186,1.4148,1.4245,1.4136,69.69K,0.28%
21/10/2020,1.4049,1.419,1.4193,1.4009,72.40K,-0.97%
22/10/2020,1.4047,1.4049,1.4115,1.4032,80.96K,-0.01%
23/10/2020,1.4004,1.405,1.4083,1.3967,67.53K,-0.31%
26/10/2020,1.4037,1.4027,1.408,1.3991,79.00K,0.24%
27/10/2020,1.4025,1.4039,1.4056,1.3989,73.07K,-0.09%
28/10/2020,1.4192,1.4033,1.421,1.3969,90.75K,1.19%
29/10/2020,1.4225,1.4194,1.4283,1.4129,96.74K,0.23%
30/10/2020,1.4229,1.4226,1.4264,1.4137,95.39K,0.03%
02/11/2020,1.4172,1.4218,1.4304,1.4167,86.81K,-0.40%
03/11/2020,1.3955,1.4176,1.4231,1.3935,74.61K,-1.53%
04/11/2020,1.3924,1.3958,1.4187,1.3845,141.24K,-0.22%
05/11/2020,1.3729,1.3922,1.3997,1.3716,113.21K,-1.40%
06/11/2020,1.3772,1.3731,1.3815,1.372,105.71K,0.31%
09/11/2020,1.3725,1.3783,1.3783,1.3622,113.67K,-0.34%
10/11/2020,1.3725,1.3725,1.3789,1.3707,107.49K,0.00%
11/11/2020,1.3731,1.3728,1.3775,1.3662,81.01K,0.04%
12/11/2020,1.3826,1.3734,1.3845,1.3709,86.39K,0.69%
13/11/2020,1.3755,1.3828,1.385,1.3747,72.84K,-0.51%
16/11/2020,1.3661,1.3769,1.3786,1.3647,77.62K,-0.68%
17/11/2020,1.3691,1.3663,1.372,1.3623,74.12K,0.22%
18/11/2020,1.3686,1.3698,1.3752,1.3638,76.22K,-0.04%
19/11/2020,1.3716,1.3688,1.3786,1.3685,75.67K,0.22%
20/11/2020,1.3687,1.3721,1.3764,1.3651,73.84K,-0.21%
23/11/2020,1.3723,1.3689,1.3765,1.3627,69.10K,0.26%
24/11/2020,1.3583,1.3725,1.373,1.3571,76.49K,-1.02%
25/11/2020,1.3578,1.3585,1.3653,1.356,75.37K,-0.04%
26/11/2020,1.358,1.3579,1.3601,1.3557,54.08K,0.01%
27/11/2020,1.3535,1.3583,1.3604,1.3513,61.61K,-0.33%
30/11/2020,1.3611,1.3527,1.3626,1.3498,69.61K,0.56%
01/12/2020,1.3561,1.3614,1.3624,1.356,68.38K,-0.37%
02/12/2020,1.3481,1.3567,1.3605,1.3475,74.09K,-0.59%
03/12/2020,1.3439,1.349,1.3519,1.3422,68.39K,-0.31%
04/12/2020,1.3464,1.3442,1.3496,1.3432,71.94K,0.19%
07/12/2020,1.3473,1.345,1.3566,1.3414,71.19K,0.07%
08/12/2020,1.349,1.3475,1.3516,1.3447,62.83K,0.13%
09/12/2020,1.3428,1.3491,1.3507,1.3357,66.24K,-0.46%
10/12/2020,1.3271,1.3425,1.3467,1.3261,69.35K,-1.17%
11/12/2020,1.3271,1.3273,1.3298,1.3204,66.66K,0.00%
14/12/2020,1.3264,1.3264,1.329,1.3194,64.85K,-0.05%
15/12/2020,1.3226,1.3271,1.3321,1.3205,61.44K,-0.29%
16/12/2020,1.3196,1.323,1.3266,1.3194,64.77K,-0.23%
17/12/2020,1.3118,1.3198,1.3218,1.3089,60.04K,-0.59%
18/12/2020,1.3113,1.312,1.319,1.3106,64.33K,-0.04%
21/12/2020,1.318,1.3162,1.3402,1.3141,97.97K,0.51%
22/12/2020,1.3293,1.3185,1.3304,1.3171,85.21K,0.86%
23/12/2020,1.3196,1.3292,1.3304,1.317,77.76K,-0.73%
24/12/2020,1.3167,1.3204,1.3217,1.3145,64.69K,-0.22%
25/12/2020,1.3158,1.3163,1.3202,1.3133,6.11K,-0.07%
28/12/2020,1.3193,1.3187,1.3233,1.3117,68.46K,0.27%
29/12/2020,1.3146,1.3196,1.3197,1.3115,59.31K,-0.36%
30/12/2020,1.3009,1.3147,1.3155,1.3009,65.76K,-1.04%
31/12/2020,1.2994,1.301,1.3024,1.2915,73.49K,-0.12%
01/01/2021,1.2977,1.2996,1.3002,1.2978,1.16K,-0.13%
04/01/2021,1.3046,1.2983,1.3087,1.2917,89.35K,0.53%
05/01/2021,1.2883,1.3045,1.3054,1.2855,87.31K,-1.25%
06/01/2021,1.2816,1.2887,1.2932,1.2786,107.49K,-0.52%
07/01/2021,1.287,1.2817,1.2945,1.279,89.55K,0.42%
08/01/2021,1.2885,1.2881,1.294,1.2822,94.52K,0.12%
11/01/2021,1.2985,1.2894,1.3045,1.2867,78.32K,0.78%
12/01/2021,1.2863,1.2991,1.301,1.2855,83.33K,-0.94%
13/01/2021,1.2928,1.2866,1.2951,1.285,78.00K,0.51%
14/01/2021,1.2855,1.2931,1.294,1.2809,80.94K,-0.56%
15/01/2021,1.298,1.2857,1.3019,1.2838,81.10K,0.97%
18/01/2021,1.3014,1.2976,1.3058,1.2959,67.26K,0.26%
19/01/2021,1.2992,1.3019,1.3034,1.2943,73.57K,-0.17%
20/01/2021,1.2907,1.2996,1.3003,1.2885,70.16K,-0.65%
21/01/2021,1.2878,1.291,1.2919,1.2847,71.87K,-0.22%
22/01/2021,1.2957,1.2879,1.2984,1.2869,76.80K,0.61%
25/01/2021,1.2972,1.2948,1.3017,1.2905,81.06K,0.12%
26/01/2021,1.2912,1.2964,1.304,1.2895,69.18K,-0.46%
27/01/2021,1.3046,1.2915,1.3083,1.2879,89.84K,1.04%
28/01/2021,1.3016,1.3049,1.3173,1.2989,97.76K,-0.23%
29/01/2021,1.3082,1.3023,1.3105,1.2977,103.66K,0.51%
01/02/2021,1.312,1.3081,1.3148,1.3048,101.63K,0.29%
02/02/2021,1.3144,1.3122,1.3223,1.3049,77.58K,0.18%
03/02/2021,1.3125,1.3146,1.3157,1.3111,65.45K,-0.14%
04/02/2021,1.3156,1.3127,1.318,1.3074,70.53K,0.24%
05/02/2021,1.3023,1.3156,1.3189,1.302,70.35K,-1.01%
08/02/2021,1.2984,1.3061,1.3071,1.296,62.89K,-0.30%
09/02/2021,1.292,1.2979,1.2989,1.2917,60.78K,-0.49%
10/02/2021,1.2948,1.2921,1.296,1.289,79.77K,0.22%
11/02/2021,1.2898,1.295,1.2967,1.2866,54.59K,-0.39%
12/02/2021,1.2888,1.29,1.2958,1.2878,52.99K,-0.08%
15/02/2021,1.285,1.2895,1.2907,1.2837,49.38K,-0.29%
16/02/2021,1.2888,1.2853,1.2914,1.2809,67.01K,0.30%
17/02/2021,1.2897,1.2891,1.2947,1.2866,90.99K,0.07%
18/02/2021,1.2872,1.2901,1.2936,1.2837,87.71K,-0.19%
19/02/2021,1.2705,1.2874,1.2893,1.2694,102.58K,-1.30%
22/02/2021,1.2626,1.272,1.2736,1.2611,86.94K,-0.62%
23/02/2021,1.2639,1.2632,1.2692,1.2601,90.25K,0.10%
24/02/2021,1.2547,1.2641,1.2666,1.2541,101.51K,-0.73%
25/02/2021,1.27,1.255,1.2724,1.2486,119.29K,1.22%
26/02/2021,1.2975,1.2703,1.3001,1.2684,130.50K,2.17%
01/03/2021,1.2862,1.2966,1.2989,1.2842,108.13K,-0.87%
02/03/2021,1.2788,1.2865,1.2928,1.2758,117.00K,-0.58%
03/03/2021,1.2858,1.2791,1.287,1.2756,107.95K,0.55%
04/03/2021,1.2942,1.2862,1.2974,1.2795,122.62K,0.65%
05/03/2021,1.3007,1.2938,1.3119,1.2935,121.35K,0.50%
08/03/2021,1.307,1.3008,1.3096,1.2948,115.73K,0.48%
09/03/2021,1.2967,1.3068,1.3123,1.2943,109.05K,-0.79%
10/03/2021,1.2927,1.2959,1.3041,1.2909,79.93K,-0.31%
11/03/2021,1.2834,1.2928,1.295,1.283,71.75K,-0.72%
12/03/2021,1.2875,1.2838,1.2946,1.2817,77.99K,0.32%
15/03/2021,1.2893,1.291,1.2977,1.2859,69.34K,0.14%
16/03/2021,1.2908,1.2895,1.2969,1.2885,61.71K,0.12%
17/03/2021,1.2822,1.2914,1.2989,1.2803,64.90K,-0.67%
18/03/2021,1.2883,1.2825,1.2905,1.2738,84.10K,0.48%
19/03/2021,1.2913,1.2888,1.2958,1.2865,77.38K,0.23%
22/03/2021,1.2907,1.2944,1.3009,1.289,55.35K,-0.05%
23/03/2021,1.3113,1.2909,1.313,1.2903,59.96K,1.60%
24/03/2021,1.3186,1.312,1.3192,1.3095,54.52K,0.56%
25/03/2021,1.3193,1.3189,1.3223,1.3132,54.25K,0.05%
26/03/2021,1.3094,1.3192,1.3203,1.308,52.02K,-0.75%
29/03/2021,1.3103,1.3091,1.3133,1.306,61.04K,0.07%
30/03/2021,1.316,1.3106,1.3185,1.3046,68.78K,0.44%
31/03/2021,1.3158,1.3163,1.318,1.3094,63.31K,-0.02%
01/04/2021,1.3125,1.3163,1.3277,1.3124,76.56K,-0.25%
02/04/2021,1.3146,1.3128,1.3167,1.3091,30.09K,0.16%
03/04/2021,1.307,,,,,
05/04/2021,1.307,1.3151,1.3162,1.3053,40.92K,-0.58%
06/04/2021,1.3048,1.3068,1.3148,1.3039,53.42K,-0.17%
07/04/2021,1.313,1.3049,1.3157,1.3024,61.87K,0.63%
08/04/2021,1.3065,1.3128,1.3155,1.3053,58.59K,-0.50%
09/04/2021,1.3118,1.3067,1.318,1.3051,60.04K,0.41%
10/04/2021,1.3116,,,,,
12/04/2021,1.3116,1.3124,1.3168,1.3095,71.59K,-0.02%
13/04/2021,1.3087,1.3118,1.3183,1.3073,73.20K,-0.22%
14/04/2021,1.2943,1.309,1.3099,1.2923,76.00K,-1.10%
15/04/2021,1.2898,1.2941,1.2979,1.2882,73.94K,-0.35%
16/04/2021,1.2928,1.2899,1.2947,1.2886,61.33K,0.23%
18/04/2021,1.2888,,,,,
19/04/2021,1.2888,1.2923,1.2979,1.2845,67.30K,-0.31%
20/04/2021,1.2943,1.2885,1.2972,1.2793,76.06K,0.43%
21/04/2021,1.2897,1.2944,1.2989,1.2881,66.24K,-0.36%
22/04/2021,1.2972,1.29,1.3004,1.2878,71.66K,0.58%
23/04/2021,1.2907,1.2982,1.2991,1.2885,71.70K,-0.50%
25/04/2021,1.2819,,,,,
26/04/2021,1.2819,1.2912,1.2929,1.2794,50.91K,-0.68%
27/04/2021,1.2872,1.2823,1.2886,1.2811,57.18K,0.41%
28/04/2021,1.283,1.2878,1.2945,1.2816,60.78K,-0.33%
29/04/2021,1.2877,1.2835,1.2904,1.279,55.58K,0.37%
30/04/2021,1.2957,1.2878,1.2995,1.2845,60.58K,0.62%
01/05/2021,1.2957,,,,,
03/05/2021,1.2882,1.2958,1.2977,1.2875,50.78K,-0.58%
04/05/2021,1.2975,1.2881,1.303,1.2876,68.66K,0.72%
05/05/2021,1.2905,1.2977,1.2981,1.2895,47.00K,-0.54%
06/05/2021,1.2852,1.2908,1.2987,1.2839,60.31K,-0.41%
08/05/2021,1.2745,,,,,
07/05/2021,1.2745,1.2853,1.2886,1.2717,58.52K,-0.83%
10/05/2021,1.2768,1.2742,1.2778,1.2671,61.87K,0.18%
11/05/2021,1.2749,1.277,1.2788,1.2727,66.84K,-0.15%
12/05/2021,1.2942,1.2753,1.2955,1.2742,74.81K,1.51%
13/05/2021,1.2935,1.2946,1.3009,1.2908,78.92K,-0.05%
14/05/2021,1.286,1.2939,1.2965,1.2839,62.86K,-0.58%
17/05/2021,1.2872,1.2853,1.2937,1.2834,56.39K,0.09%
18/05/2021,1.2829,1.2885,1.2888,1.2796,56.10K,-0.33%
19/05/2021,1.2937,1.2832,1.2968,1.2823,68.50K,0.84%
20/05/2021,1.2858,1.2938,1.296,1.285,58.00K,-0.61%
21/05/2021,1.293,1.286,1.2955,1.2847,54.22K,0.56%
24/05/2021,1.2897,1.2933,1.2977,1.2889,49.72K,-0.26%
25/05/2021,1.29,1.29,1.2932,1.2858,55.43K,0.02%
26/05/2021,1.2918,1.2903,1.2936,1.2824,70.83K,0.14%
27/05/2021,1.2907,1.292,1.295,1.2889,87.08K,-0.09%
28/05/2021,1.2962,1.2915,1.3026,1.2905,59.57K,0.43%
31/05/2021,1.293,1.297,1.2987,1.2915,46.84K,-0.25%
01/06/2021,1.2893,1.2929,1.2936,1.287,53.61K,-0.29%
02/06/2021,1.2897,1.2894,1.2962,1.2864,46.07K,0.03%
03/06/2021,1.3055,1.2896,1.3082,1.2895,47.62K,1.23%
04/06/2021,1.2922,1.3058,1.3071,1.2909,47.41K,-1.02%
07/06/2021,1.2895,1.2917,1.2946,1.2875,33.70K,-0.21%
08/06/2021,1.2915,1.2888,1.2934,1.288,41.58K,0.16%
09/06/2021,1.2935,1.292,1.2946,1.2881,41.05K,0.15%
10/06/2021,1.2897,1.2934,1.2957,1.2879,52.41K,-0.29%
11/06/2021,1.2974,1.2895,1.3009,1.2859,35.63K,0.60%
14/06/2021,1.2965,1.2979,1.3,1.2943,35.42K,-0.07%
15/06/2021,1.3002,1.2967,1.3032,1.2958,45.58K,0.29%
16/06/2021,1.3137,1.3008,1.3147,1.296,52.60K,1.04%
17/06/2021,1.3242,1.3139,1.3264,1.3079,68.68K,0.80%
18/06/2021,1.3371,1.324,1.3376,1.3224,74.77K,0.97%
21/06/2021,1.3268,1.3362,1.3376,1.3249,70.85K,-0.77%
22/06/2021,1.3236,1.3275,1.3345,1.3218,59.08K,-0.24%
23/06/2021,1.3198,1.3238,1.3268,1.3157,51.15K,-0.29%
24/06/2021,1.3186,1.3199,1.3218,1.317,52.40K,-0.09%
25/06/2021,1.3179,1.3189,1.3195,1.3127,53.39K,-0.05%
28/06/2021,1.3212,1.3178,1.3239,1.3147,47.00K,0.25%
29/06/2021,1.331,1.3213,1.3321,1.3207,51.05K,0.74%
30/06/2021,1.3332,1.3312,1.3348,1.3283,46.24K,0.17%
01/07/2021,1.3383,1.3337,1.3405,1.3318,45.11K,0.38%
02/07/2021,1.3284,1.3387,1.3432,1.3273,45.76K,-0.74%
05/07/2021,1.3278,1.3291,1.3319,1.3266,49.23K,-0.05%
06/07/2021,1.3337,1.328,1.3369,1.3157,82.56K,0.44%
07/07/2021,1.3364,1.3337,1.3402,1.327,54.25K,0.20%
08/07/2021,1.3459,1.3363,1.3484,1.3351,74.92K,0.71%
09/07/2021,1.3356,1.3461,1.3497,1.3342,57.35K,-0.77%
12/07/2021,1.3374,1.3365,1.3427,1.3339,53.26K,0.13%
13/07/2021,1.3423,1.3378,1.3464,1.3326,45.57K,0.37%
14/07/2021,1.3365,1.3428,1.3457,1.3356,50.02K,-0.43%
15/07/2021,1.3461,1.3367,1.3493,1.3355,50.64K,0.72%
16/07/2021,1.3506,1.3463,1.3528,1.3434,51.45K,0.33%
19/07/2021,1.3611,1.3511,1.3657,1.3483,68.49K,0.78%
20/07/2021,1.3635,1.3616,1.3704,1.359,62.60K,0.18%
21/07/2021,1.3587,1.3639,1.372,1.3582,48.60K,-0.35%
22/07/2021,1.355,1.3589,1.3621,1.3516,57.51K,-0.27%
23/07/2021,1.3572,1.3547,1.3593,1.351,41.80K,0.16%
26/07/2021,1.3546,1.3574,1.3642,1.3529,51.37K,-0.19%
27/07/2021,1.358,1.3539,1.363,1.3533,65.94K,0.25%
28/07/2021,1.3554,1.3584,1.3668,1.3546,81.73K,-0.19%
29/07/2021,1.3519,1.3556,1.359,1.3487,58.71K,-0.26%
30/07/2021,1.3613,1.3525,1.3642,1.3504,57.36K,0.70%
02/08/2021,1.3583,1.3621,1.3647,1.3544,50.02K,-0.22%
03/08/2021,1.3514,1.358,1.3593,1.3496,55.27K,-0.51%
04/08/2021,1.3548,1.3519,1.3569,1.3463,52.13K,0.25%
05/08/2021,1.3503,1.3548,1.3558,1.3484,53.87K,-0.33%
06/08/2021,1.3591,1.35,1.3614,1.3499,50.24K,0.65%
07/08/2021,1.3591,,,,,
09/08/2021,1.3633,1.3589,1.3647,1.357,57.08K,0.31%
10/08/2021,1.3602,1.3633,1.367,1.3592,52.31K,-0.23%
11/08/2021,1.3561,1.3609,1.3657,1.3532,51.33K,-0.30%
12/08/2021,1.3631,1.3561,1.364,1.3555,50.69K,0.52%
13/08/2021,1.3567,1.3633,1.364,1.3546,45.10K,-0.47%
16/08/2021,1.3626,1.3571,1.3664,1.3556,53.17K,0.43%
17/08/2021,1.3787,1.3632,1.3808,1.362,60.45K,1.18%
18/08/2021,1.3826,1.3793,1.3836,1.3754,67.36K,0.28%
19/08/2021,1.399,1.3824,1.4003,1.3805,83.81K,1.19%
20/08/2021,1.4015,1.3992,1.4074,1.3971,70.79K,0.18%
23/08/2021,1.387,1.4032,1.4063,1.3853,51.68K,-1.03%
24/08/2021,1.3776,1.387,1.3889,1.3751,41.20K,-0.68%
25/08/2021,1.3742,1.3778,1.3819,1.3734,54.62K,-0.25%
26/08/2021,1.3812,1.3743,1.3824,1.3735,64.28K,0.51%
27/08/2021,1.3674,1.382,1.3849,1.3666,67.84K,-1.00%
30/08/2021,1.3701,1.368,1.3729,1.3657,40.85K,0.20%
31/08/2021,1.3667,1.3706,1.3722,1.362,63.53K,-0.25%
01/09/2021,1.357,1.3669,1.3685,1.3542,70.75K,-0.71%
02/09/2021,1.3512,1.3575,1.3596,1.3494,61.24K,-0.43%
03/09/2021,1.3405,1.3513,1.3523,1.3371,68.37K,-0.79%
06/09/2021,1.3439,1.3404,1.3467,1.3396,58.10K,0.25%
07/09/2021,1.3532,1.3441,1.3561,1.3388,79.11K,0.69%
08/09/2021,1.3576,1.3539,1.3615,1.3504,78.87K,0.33%
09/09/2021,1.3572,1.3579,1.3612,1.3521,63.54K,-0.03%
10/09/2021,1.3592,1.3572,1.361,1.3493,76.66K,0.15%
13/09/2021,1.3572,1.3589,1.3633,1.3556,60.67K,-0.15%
14/09/2021,1.3661,1.3571,1.3675,1.3559,76.80K,0.66%
15/09/2021,1.3631,1.3656,1.3698,1.3624,66.76K,-0.22%
16/09/2021,1.3716,1.3635,1.3749,1.3611,72.21K,0.62%
17/09/2021,1.3761,1.3715,1.3772,1.3656,58.72K,0.33%
20/09/2021,1.3784,1.3757,1.3851,1.3744,71.86K,0.17%
21/09/2021,1.3826,1.3799,1.3849,1.3728,71.22K,0.30%
22/09/2021,1.3799,1.3831,1.3844,1.3704,83.36K,-0.20%
23/09/2021,1.3704,1.3801,1.3845,1.3668,71.10K,-0.69%
24/09/2021,1.3772,1.3704,1.3821,1.3666,57.09K,0.50%
27/09/2021,1.3723,1.3776,1.3807,1.3707,64.07K,-0.36%
28/09/2021,1.3816,1.3723,1.3841,1.3675,92.86K,0.68%
29/09/2021,1.3928,1.382,1.3948,1.3764,74.27K,0.81%
30/09/2021,1.3835,1.3935,1.3943,1.3777,91.13K,-0.67%
01/10/2021,1.3778,1.3841,1.3905,1.3741,75.50K,-0.41%
04/10/2021,1.3731,1.3767,1.3792,1.3688,73.41K,-0.34%
05/10/2021,1.3712,1.3727,1.3796,1.3693,89.84K,-0.14%
06/10/2021,1.3746,1.3721,1.384,1.3705,89.38K,0.25%
07/10/2021,1.3672,1.375,1.3759,1.3651,69.28K,-0.54%
08/10/2021,1.3676,1.3672,1.3722,1.3625,70.95K,0.03%
11/10/2021,1.36,1.3672,1.3714,1.3562,62.42K,-0.56%
12/10/2021,1.3604,1.3601,1.364,1.354,59.17K,0.03%
13/10/2021,1.355,1.3604,1.3657,1.3544,80.89K,-0.40%
14/10/2021,1.3483,1.3552,1.3566,1.3463,51.73K,-0.49%
15/10/2021,1.3464,1.3484,1.3509,1.3439,63.70K,-0.14%
18/10/2021,1.3492,1.3474,1.3554,1.3443,69.22K,0.21%
19/10/2021,1.3383,1.3491,1.3501,1.3356,63.94K,-0.81%
20/10/2021,1.3303,1.3382,1.3397,1.3291,63.73K,-0.60%
21/10/2021,1.339,1.3306,1.341,1.3249,68.58K,0.65%
22/10/2021,1.3394,1.3392,1.3419,1.331,78.82K,0.03%
25/10/2021,1.3346,1.339,1.3403,1.332,61.39K,-0.36%
26/10/2021,1.3332,1.3349,1.3362,1.3286,63.21K,-0.10%
27/10/2021,1.3298,1.3332,1.3357,1.3269,72.25K,-0.26%
28/10/2021,1.3252,1.3303,1.3371,1.3233,90.27K,-0.35%
29/10/2021,1.3293,1.3254,1.3334,1.3233,83.75K,0.31%
30/10/2021,1.3293,,,,,
31/10/2021,1.3287,,,,,
01/11/2021,1.3287,1.3317,1.336,1.3267,71.66K,-0.05%
02/11/2021,1.3459,1.3289,1.3478,1.3274,85.22K,1.29%
03/11/2021,1.3428,1.3461,1.3491,1.3405,82.87K,-0.23%
04/11/2021,1.351,1.3426,1.3546,1.3384,82.98K,0.61%
05/11/2021,1.3508,1.351,1.3588,1.3489,80.51K,-0.01%
06/11/2021,1.3472,,,,,
08/11/2021,1.3472,1.3518,1.3543,1.3455,55.73K,-0.27%
09/11/2021,1.355,1.3469,1.3587,1.3455,63.37K,0.58%
10/11/2021,1.3646,1.3556,1.3655,1.3523,66.53K,0.71%
11/11/2021,1.3706,1.3648,1.3724,1.362,60.00K,0.44%
12/11/2021,1.3635,1.3702,1.3745,1.363,53.00K,-0.52%
15/11/2021,1.3609,1.3638,1.3662,1.3566,52.84K,-0.19%
16/11/2021,1.3689,1.3611,1.3714,1.357,71.54K,0.59%
17/11/2021,1.3759,1.3692,1.3777,1.3685,78.71K,0.51%
18/11/2021,1.3738,1.3757,1.3795,1.3709,88.38K,-0.15%
19/11/2021,1.382,1.3736,1.3838,1.3713,67.69K,0.60%
21/11/2021,1.3841,,,,,
22/11/2021,1.3841,1.3822,1.385,1.3745,106.91K,0.15%
23/11/2021,1.3833,1.384,1.3877,1.3817,101.79K,-0.06%
24/11/2021,1.3893,1.3835,1.3922,1.3831,81.60K,0.43%
25/11/2021,1.3904,1.3895,1.3929,1.3869,94.01K,0.08%
26/11/2021,1.4031,1.3908,1.4062,1.3889,119.38K,0.91%
28/11/2021,1.3994,,,,,
29/11/2021,1.3994,1.4052,1.4061,1.3966,66.55K,-0.26%
30/11/2021,1.4029,1.3997,1.4159,1.3944,101.83K,0.25%
01/12/2021,1.4069,1.4033,1.4095,1.3939,96.01K,0.29%
02/12/2021,1.4094,1.4073,1.4117,1.4044,84.38K,0.18%
03/12/2021,1.428,1.4095,1.4301,1.4082,84.85K,1.32%
04/12/2021,1.4182,,,,,
06/12/2021,1.4182,1.4291,1.4297,1.4173,78.93K,-0.69%
07/12/2021,1.4045,1.4183,1.4208,1.4037,97.12K,-0.97%
08/12/2021,1.3941,1.4047,1.4056,1.3918,90.12K,-0.74%
09/12/2021,1.3984,1.3943,1.4015,1.3912,74.27K,0.31%
10/12/2021,1.3941,1.3986,1.4022,1.3921,72.48K,-0.31%
13/12/2021,1.4023,1.3998,1.4064,1.3932,60.65K,0.59%
14/12/2021,1.4077,1.4025,1.4105,1.4013,70.60K,0.39%
15/12/2021,1.3949,1.4081,1.41,1.3931,75.19K,-0.91%
16/12/2021,1.3918,1.3947,1.3997,1.3841,66.92K,-0.22%
17/12/2021,1.4033,1.3921,1.4041,1.3915,80.65K,0.83%
20/12/2021,1.4055,1.4015,1.4121,1.3989,79.90K,0.16%
21/12/2021,1.3974,1.4061,1.4088,1.3971,72.79K,-0.58%
22/12/2021,1.386,1.3982,1.4045,1.3846,54.50K,-0.82%
23/12/2021,1.3801,1.3862,1.3899,1.3787,61.91K,-0.43%
24/12/2021,1.3837,1.3807,1.3855,1.3798,55.28K,0.26%
27/12/2021,1.381,1.3845,1.3878,1.3803,30.32K,-0.20%
28/12/2021,1.3831,1.3822,1.3852,1.3765,36.58K,0.15%
29/12/2021,1.3785,1.3833,1.3865,1.375,44.47K,-0.33%
30/12/2021,1.3789,1.3795,1.3807,1.3742,43.96K,0.03%
31/12/2021,1.377,1.3784,1.3806,1.374,52.93K,-0.14%
03/01/2022,1.3902,1.377,1.3921,1.3739,50.96K,0.96%
04/01/2022,1.3812,1.3901,1.3919,1.3792,61.97K,-0.65%
05/01/2022,1.3848,1.3813,1.3861,1.3749,68.10K,0.26%
06/01/2022,1.3957,1.385,1.3997,1.3843,94.67K,0.79%
07/01/2022,1.3928,1.3963,1.4027,1.3911,66.78K,-0.21%
10/01/2022,1.3941,1.3947,1.3989,1.3882,58.30K,0.09%
11/01/2022,1.3868,1.3949,1.3977,1.3861,60.36K,-0.52%
12/01/2022,1.3725,1.387,1.389,1.3711,62.29K,-1.03%
13/01/2022,1.3723,1.3726,1.375,1.367,77.08K,-0.01%
14/01/2022,1.3873,1.3729,1.3894,1.3708,85.00K,1.09%
17/01/2022,1.3866,1.3865,1.3899,1.383,77.28K,-0.05%
18/01/2022,1.3914,1.3872,1.3948,1.3832,110.58K,0.35%
19/01/2022,1.3866,1.3918,1.3935,1.3812,105.47K,-0.34%
20/01/2022,1.3837,1.3867,1.3874,1.3741,93.01K,-0.21%
21/01/2022,1.3918,1.3837,1.3946,1.3827,102.13K,0.59%
22/01/2022,1.3918,,,,,
24/01/2022,1.4002,1.3935,1.4105,1.391,111.55K,0.60%
25/01/2022,1.3982,1.4002,1.4044,1.3935,116.42K,-0.14%
26/01/2022,1.4053,1.3988,1.4092,1.3923,92.25K,0.51%
27/01/2022,1.4213,1.4053,1.4238,1.4039,98.08K,1.14%
28/01/2022,1.431,1.4223,1.4353,1.419,95.31K,0.68%
31/01/2022,1.4146,1.4286,1.432,1.413,74.00K,-1.15%
01/02/2022,1.4027,1.4146,1.422,1.4022,73.31K,-0.84%
02/02/2022,1.401,1.4029,1.405,1.3967,67.00K,-0.12%
03/02/2022,1.4002,1.4016,1.4067,1.3948,94.04K,-0.06%
04/02/2022,1.4128,1.4004,1.4182,1.398,99.60K,0.90%
07/02/2022,1.4031,1.413,1.4155,1.4023,80.73K,-0.69%
08/02/2022,1.3992,1.4037,1.4074,1.3989,94.96K,-0.28%
09/02/2022,1.3928,1.3993,1.4004,1.3898,64.43K,-0.46%
10/02/2022,1.3955,1.393,1.3992,1.3794,81.22K,0.19%
11/02/2022,1.4011,1.3955,1.4069,1.3915,107.20K,0.40%
14/02/2022,1.4031,1.402,1.4113,1.3983,101.71K,0.14%
15/02/2022,1.3982,1.4031,1.4082,1.3971,81.04K,-0.35%
16/02/2022,1.3895,1.3983,1.4001,1.3877,88.29K,-0.62%
17/02/2022,1.3912,1.3898,1.3989,1.3853,109.19K,0.12%
18/02/2022,1.3937,1.3916,1.3958,1.3833,90.33K,0.18%
20/02/2022,1.3906,,,,,
21/02/2022,1.3906,1.3947,1.3963,1.3843,72.89K,-0.22%
22/02/2022,1.385,1.391,1.3945,1.3823,99.77K,-0.40%
23/02/2022,1.3822,1.3851,1.3855,1.3726,79.15K,-0.20%
24/02/2022,1.3959,1.3822,1.4095,1.3821,145.83K,0.99%
25/02/2022,1.382,1.3961,1.4004,1.3815,113.49K,-1.00%
28/02/2022,1.3767,1.3918,1.3982,1.3762,113.97K,-0.38%
01/03/2022,1.3784,1.3771,1.3817,1.3715,108.43K,0.12%
02/03/2022,1.3701,1.3792,1.3807,1.3685,95.00K,-0.60%
03/03/2022,1.3643,1.3706,1.3745,1.3607,99.31K,-0.42%
04/03/2022,1.3565,1.3644,1.37,1.3548,114.13K,-0.57%
07/03/2022,1.3661,1.3567,1.3678,1.3437,127.68K,0.71%
08/03/2022,1.3755,1.3665,1.3803,1.3606,127.65K,0.69%
09/03/2022,1.3654,1.3757,1.3767,1.3627,99.87K,-0.73%
10/03/2022,1.3589,1.3656,1.3724,1.3571,92.95K,-0.48%
11/03/2022,1.3714,1.36,1.3734,1.3571,97.92K,0.92%
12/03/2022,1.391,,,,,
14/03/2022,1.391,1.3717,1.3917,1.3694,89.38K,1.43%
15/03/2022,1.3895,1.3912,1.3958,1.3834,101.16K,-0.11%
16/03/2022,1.3716,1.3897,1.3929,1.3704,84.84K,-1.29%
17/03/2022,1.3554,1.3714,1.3733,1.3525,72.77K,-1.18%
18/03/2022,1.3486,1.3557,1.3587,1.3479,63.37K,-0.50%
21/03/2022,1.351,1.3511,1.3562,1.3467,77.94K,0.18%
22/03/2022,1.3389,1.3512,1.3559,1.3383,77.72K,-0.90%
23/03/2022,1.333,1.3389,1.3424,1.3319,80.53K,-0.44%
24/03/2022,1.3308,1.3337,1.3395,1.3283,63.73K,-0.17%
25/03/2022,1.3308,1.331,1.3343,1.3267,67.33K,0.00%
28/03/2022,1.3351,1.3311,1.3393,1.3261,77.05K,0.32%
29/03/2022,1.3308,1.335,1.3412,1.3298,101.82K,-0.32%
30/03/2022,1.3314,1.3321,1.3331,1.3267,79.06K,0.05%
31/03/2022,1.3365,1.3318,1.3388,1.3286,81.69K,0.38%
01/04/2022,1.3332,1.3363,1.3384,1.3289,91.45K,-0.25%
04/04/2022,1.3256,1.3348,1.3364,1.3232,73.19K,-0.57%
05/04/2022,1.3193,1.3257,1.3271,1.3051,68.48K,-0.48%
06/04/2022,1.3307,1.3196,1.3358,1.3168,76.35K,0.86%
07/04/2022,1.3367,1.3309,1.3393,1.3298,67.54K,0.45%
08/04/2022,1.341,1.3368,1.3467,1.3344,72.08K,0.32%
11/04/2022,1.3481,1.3434,1.3489,1.3394,67.11K,0.53%
12/04/2022,1.3403,1.3477,1.3516,1.3343,79.52K,-0.58%
13/04/2022,1.3417,1.3406,1.3529,1.3376,94.41K,0.10%
14/04/2022,1.3475,1.3428,1.352,1.3388,96.00K,0.43%
15/04/2022,1.3515,1.3479,1.3532,1.3464,34.71K,0.30%
18/04/2022,1.3604,1.3513,1.362,1.3501,58.67K,0.66%
19/04/2022,1.3565,1.3609,1.3615,1.3511,88.00K,-0.29%
20/04/2022,1.3421,1.3559,1.3569,1.3407,91.07K,-1.06%
21/04/2022,1.3556,1.3423,1.3578,1.3406,99.63K,1.01%
22/04/2022,1.3812,1.3561,1.3823,1.355,83.04K,1.89%
25/04/2022,1.3931,1.3757,1.4016,1.3757,112.65K,0.86%
26/04/2022,1.4035,1.3931,1.4048,1.3831,111.08K,0.75%
27/04/2022,1.4029,1.4039,1.4083,1.3905,106.26K,-0.04%
28/04/2022,1.4092,1.4034,1.4175,1.396,101.41K,0.45%
29/04/2022,1.4154,1.4098,1.4169,1.3926,111.96K,0.44%
02/05/2022,1.4182,1.4139,1.4226,1.4117,74.54K,0.20%
03/05/2022,1.4092,1.4182,1.4191,1.3989,96.51K,-0.63%
04/05/2022,1.3767,1.4094,1.4108,1.3762,93.06K,-2.31%
05/05/2022,1.4059,1.3772,1.4131,1.376,112.27K,2.12%
06/05/2022,1.4126,1.4061,1.4167,1.4013,116.35K,0.48%
08/05/2022,1.4126,,,,,
09/05/2022,1.4374,1.4129,1.44,1.4114,110.25K,1.76%
10/05/2022,1.4409,1.4378,1.4472,1.4311,128.82K,0.24%
11/05/2022,1.4411,1.4413,1.4435,1.4174,118.16K,0.01%
12/05/2022,1.4577,1.4413,1.4645,1.4379,123.32K,1.15%
13/05/2022,1.4407,1.4584,1.4592,1.4405,95.98K,-1.17%
16/05/2022,1.4343,1.4434,1.4552,1.432,116.32K,-0.44%
17/05/2022,1.4223,1.4346,1.4354,1.4202,112.58K,-0.84%
18/05/2022,1.4374,1.4227,1.439,1.4188,110.43K,1.06%
19/05/2022,1.4178,1.4378,1.4385,1.4137,132.39K,-1.36%
20/05/2022,1.4215,1.4184,1.4282,1.4135,115.71K,0.26%
23/05/2022,1.4071,1.4176,1.4203,1.4028,104.03K,-1.01%
24/05/2022,1.4075,1.4067,1.4171,1.4057,118.90K,0.03%
25/05/2022,1.4094,1.4077,1.4216,1.4044,108.79K,0.13%
26/05/2022,1.4085,1.411,1.4171,1.4063,90.49K,-0.06%
27/05/2022,1.3963,1.4089,1.4106,1.3951,85.63K,-0.87%
30/05/2022,1.3889,1.3974,1.3988,1.3888,63.38K,-0.53%
31/05/2022,1.3935,1.3893,1.3988,1.388,87.48K,0.33%
01/06/2022,1.3935,1.3936,1.3976,1.3829,81.64K,0.00%
02/06/2022,1.3761,1.3935,1.4005,1.3754,75.06K,-1.25%
03/06/2022,1.3873,1.3765,1.3887,1.3729,56.52K,0.81%
06/06/2022,1.39,1.3872,1.3915,1.3827,71.34K,0.19%
07/06/2022,1.3829,1.3902,1.3973,1.3799,88.25K,-0.51%
08/06/2022,1.39,1.382,1.3937,1.3819,95.04K,0.51%
09/06/2022,1.4086,1.3902,1.4098,1.3892,94.42K,1.34%
10/06/2022,1.4178,1.4088,1.4212,1.4007,102.94K,0.65%
13/06/2022,1.444,1.4204,1.447,1.4172,108.33K,1.85%
14/06/2022,1.4554,1.4442,1.4598,1.4344,122.97K,0.79%
15/06/2022,1.4278,1.4558,1.4568,1.4235,125.68K,-1.90%
16/06/2022,1.4188,1.428,1.4403,1.4144,134.69K,-0.63%
17/06/2022,1.4411,1.4191,1.4499,1.4176,141.08K,1.57%
20/06/2022,1.4382,1.4444,1.4463,1.4292,89.84K,-0.20%
21/06/2022,1.4347,1.4389,1.4423,1.4297,104.80K,-0.24%
22/06/2022,1.4434,1.4345,1.4534,1.4339,105.16K,0.61%
23/06/2022,1.4512,1.444,1.4561,1.4431,127.63K,0.54%
24/06/2022,1.4388,1.4507,1.452,1.4371,116.82K,-0.85%
27/06/2022,1.4438,1.4406,1.4478,1.4369,108.13K,0.35%
28/06/2022,1.4474,1.4447,1.4484,1.4356,115.56K,0.25%
29/06/2022,1.4529,1.4475,1.4574,1.4448,108.33K,0.38%
30/06/2022,1.4484,1.4528,1.4593,1.445,120.45K,-0.31%
01/07/2022,1.4671,1.4487,1.4785,1.448,96.93K,1.29%
04/07/2022,1.4565,1.4679,1.4721,1.4514,102.71K,-0.72%
05/07/2022,1.4695,1.4566,1.4791,1.4501,137.87K,0.89%
06/07/2022,1.4756,1.4699,1.479,1.4647,135.64K,0.42%
07/07/2022,1.4622,1.4758,1.4785,1.4599,119.59K,-0.91%
08/07/2022,1.4579,1.4625,1.4726,1.4545,124.15K,-0.29%
11/07/2022,1.4846,1.4578,1.4895,1.4572,113.28K,1.83%
12/07/2022,1.4795,1.4855,1.4902,1.4748,116.79K,-0.34%
13/07/2022,1.4784,1.4799,1.487,1.4696,126.91K,-0.07%
14/07/2022,1.4817,1.479,1.4968,1.473,132.52K,0.22%
15/07/2022,1.4715,1.4817,1.4885,1.469,111.43K,-0.69%
18/07/2022,1.4676,1.4733,1.4745,1.4587,101.12K,-0.27%
19/07/2022,1.4493,1.4682,1.4703,1.4464,100.15K,-1.25%
20/07/2022,1.4516,1.4496,1.4551,1.4427,116.05K,0.16%
21/07/2022,1.4428,1.452,1.4581,1.4412,121.98K,-0.61%
22/07/2022,1.4436,1.4428,1.4509,1.433,97.49K,0.06%
25/07/2022,1.4378,1.4423,1.4536,1.4354,115.40K,-0.40%
26/07/2022,1.4409,1.4386,1.4448,1.4318,109.37K,0.22%
27/07/2022,1.4296,1.4412,1.4468,1.4259,99.13K,-0.78%
28/07/2022,1.4316,1.4302,1.4379,1.4255,111.04K,0.14%
29/07/2022,1.4312,1.4314,1.4471,1.4219,95.78K,-0.03%
01/08/2022,1.4235,1.4322,1.4355,1.4188,116.02K,-0.54%
02/08/2022,1.4447,1.4237,1.4467,1.4217,133.41K,1.49%
03/08/2022,1.4391,1.4451,1.4523,1.4375,107.17K,-0.39%
04/08/2022,1.4343,1.4401,1.4421,1.4304,108.20K,-0.33%
05/08/2022,1.447,1.4347,1.4558,1.4335,107.88K,0.89%
08/08/2022,1.4306,1.4468,1.4498,1.4264,82.46K,-1.13%
09/08/2022,1.4355,1.431,1.4383,1.4295,95.16K,0.34%
10/08/2022,1.4122,1.4358,1.4397,1.4064,106.29K,-1.62%
11/08/2022,1.4073,1.4126,1.4159,1.4009,105.82K,-0.35%
12/08/2022,1.4039,1.4075,1.4115,1.4026,97.20K,-0.24%
15/08/2022,1.4237,1.405,1.4264,1.4028,90.07K,1.41%
16/08/2022,1.4235,1.4239,1.4305,1.4202,100.55K,-0.01%
17/08/2022,1.4422,1.4242,1.4471,1.4229,118.12K,1.31%
18/08/2022,1.4451,1.4428,1.4496,1.4344,118.89K,0.20%
19/08/2022,1.4543,1.4451,1.4581,1.4447,113.84K,0.64%
22/08/2022,1.4541,1.4558,1.4575,1.4429,123.50K,-0.01%
23/08/2022,1.4426,1.454,1.4587,1.4359,109.49K,-0.79%
24/08/2022,1.4472,1.4431,1.4538,1.4423,102.33K,0.32%
25/08/2022,1.4325,1.4471,1.4493,1.43,116.48K,-1.02%
26/08/2022,1.451,1.433,1.4519,1.4264,115.97K,1.29%
29/08/2022,1.4482,1.4499,1.462,1.4436,107.84K,-0.19%
30/08/2022,1.4592,1.4484,1.4609,1.4373,146.63K,0.76%
31/08/2022,1.4618,1.4594,1.4632,1.4481,117.18K,0.18%
01/09/2022,1.4728,1.4617,1.477,1.4602,128.33K,0.75%
02/09/2022,1.4676,1.4732,1.4754,1.4585,109.15K,-0.35%
05/09/2022,1.4712,1.469,1.4766,1.4683,84.58K,0.25%
06/09/2022,1.4843,1.4713,1.4864,1.4633,132.74K,0.89%
07/09/2022,1.4771,1.4847,1.493,1.477,115.73K,-0.49%
08/09/2022,1.481,1.4772,1.4898,1.4763,125.34K,0.26%
09/09/2022,1.4613,1.4812,1.4823,1.4538,112.96K,-1.33%
12/09/2022,1.4516,1.4604,1.4704,1.449,83.00K,-0.66%
13/09/2022,1.4857,1.4514,1.4868,1.4456,106.96K,2.35%
14/09/2022,1.4815,1.4857,1.4915,1.479,127.10K,-0.28%
15/09/2022,1.4916,1.4818,1.4935,1.4768,105.77K,0.68%
16/09/2022,1.4877,1.4919,1.4993,1.4869,103.66K,-0.26%
19/09/2022,1.4865,1.4903,1.4988,1.4848,97.80K,-0.08%
20/09/2022,1.4948,1.4864,1.4979,1.4818,108.86K,0.56%
21/09/2022,1.5076,1.4943,1.5103,1.4912,118.92K,0.86%
22/09/2022,1.5042,1.5083,1.5213,1.4988,143.12K,-0.23%
23/09/2022,1.5316,1.5049,1.5359,1.5023,125.85K,1.82%
26/09/2022,1.5482,1.5338,1.5536,1.5292,147.75K,1.08%
27/09/2022,1.5538,1.5491,1.5592,1.5351,142.79K,0.36%
28/09/2022,1.5328,1.5538,1.5717,1.531,146.56K,-1.35%
29/09/2022,1.5382,1.5331,1.554,1.5321,132.01K,0.35%
30/09/2022,1.561,1.5383,1.5649,1.5325,130.03K,1.48%
03/10/2022,1.5344,1.5601,1.5626,1.533,131.30K,-1.70%
04/10/2022,1.5373,1.5345,1.5504,1.527,125.05K,0.19%
05/10/2022,1.5413,1.5379,1.5584,1.5319,134.62K,0.26%
06/10/2022,1.5603,1.5412,1.5654,1.5286,140.74K,1.23%
07/10/2022,1.5699,1.5618,1.5739,1.5543,103.54K,0.62%
10/10/2022,1.5858,1.5682,1.5938,1.5655,134.21K,1.01%
11/10/2022,1.5944,1.5862,1.6009,1.5754,146.86K,0.54%
12/10/2022,1.5929,1.5943,1.6039,1.5874,144.81K,-0.09%
13/10/2022,1.5868,1.593,1.6207,1.5828,137.26K,-0.38%
14/10/2022,1.6134,1.5876,1.6144,1.5753,159.31K,1.68%
17/10/2022,1.5893,1.6143,1.6151,1.5841,123.78K,-1.49%
18/10/2022,1.5843,1.5896,1.5961,1.5771,145.05K,-0.31%
19/10/2022,1.5944,1.5848,1.5998,1.5806,130.90K,0.64%
20/10/2022,1.5921,1.5947,1.6058,1.573,138.80K,-0.14%
21/10/2022,1.5676,1.5934,1.6103,1.5639,122.38K,-1.54%
24/10/2022,1.5833,1.568,1.5945,1.5596,144.08K,1.00%
25/10/2022,1.5664,1.5803,1.5863,1.5596,114.58K,-1.06%
26/10/2022,1.5437,1.5663,1.5692,1.5391,69.88K,-1.46%
